listing_url,address,suburb,postcode,property_type,bedrooms,bathrooms,parking_spaces,land_size_sqm,floor_area_sqm,year_built,sale_price,sale_date,sale_method,agent_description,features_list,date_collected,description_length,mentions_pool,mentions_view,mentions_renovation,property_age,bath_per_bed,days_since_first_sale,predicted_price,abs_error,pct_error
https://www.realestate.com.au/sold/property-apartment-nsw-mosman-152106856,8/88 Avenue Road,Mosman,2088,Apartment,1.0,1,1.0,,,,730000,2026-09-12,Private treaty,,,2026-09-12,,,,,,1.0,206,775224.3719419034,45224.37194190337,6.195119444096353
https://www.realestate.com.au/sold/property-apartment-nsw-mosman-152160876,7/10 Muston Street,Mosman,2088,Apartment,1.0,1,,,,,750000,2026-09-08,Private treaty,,,2026-09-12,,,,,,1.0,202,874241.6431888458,124241.64318884583,16.565552425179444
https://www.realestate.com.au/sold/property-apartment-nsw-mosman-151967096,13/5 The Esplanade,Mosman,2088,Apartment,1.0,1,,,,,1450000,2026-09-03,Private treaty,,,2026-09-12,,,,,,1.0,197,775224.3719419034,674775.6280580966,46.53625021090322
https://www.realestate.com.au/sold/property-apartment-nsw-mosman-151988036,G05/15-25 Myahgah Road,Mosman,2088,Apartment,2.0,2,2.0,,,,4500000,2026-08-31,Unknown,,,2026-09-12,,,,,,1.0,194,1721261.5590709264,2778738.440929074,61.74974313175719
https://www.realestate.com.au/sold/property-apartment-nsw-mosman-151579300,3/17 Milner Street,Mosman,2088,Apartment,1.0,1,,,,,790000,2026-08-21,Private treaty,,,2026-09-12,,,,,,1.0,184,775224.3719419034,14775.628058096627,1.8703326655818513
https://www.realestate.com.au/sold/property-apartment-nsw-mosman-151841804,111/116 Belmont Road,Mosman,2088,Apartment,1.0,1,1.0,,74.0,,930000,2026-08-19,Private treaty,,,2026-09-12,,,,,,1.0,182,841903.6771288613,88096.32287113869,9.472722889369752
https://www.realestate.com.au/sold/property-apartment-nsw-mosman-151781284,4/139-153 Middle Head Road,Mosman,2088,Apartment,3.0,2,2.0,,,,2600000,2026-08-14,Private treaty,,,2026-09-12,,,,,,0.6666666666666666,177,2446087.7094559814,153912.29054401862,5.919703482462254
https://www.realestate.com.au/sold/property-apartment-nsw-mosman-151600636,14/669 Military Road,Mosman,2088,Apartment,2.0,1,1.0,,96.0,,1600000,2026-08-12,Private treaty,,,2026-09-12,,,,,,0.5,175,1288115.7153017647,311884.28469823534,19.492767793639707
https://www.realestate.com.au/sold/property-apartment-nsw-mosman-151799252,9/71 Avenue Road,Mosman,2088,Apartment,1.0,1,1.0,,,,700000,2026-08-10,Private treaty,,,2026-09-12,,,,,,1.0,173,879886.0177110089,179886.0177110089,25.698002530144127
https://www.realestate.com.au/sold/property-apartment-nsw-mosman-151332820,3/6 Brierley Street,Mosman,2088,Apartment,2.0,1,,,,,975000,2026-08-04,Private treaty,,,2026-09-12,,,,,,0.5,167,1195461.8240096308,220461.82400963083,22.611469129192905
https://www.realestate.com.au/sold/property-apartment-nsw-mosman-151728984,11/23 Warringah Road,Mosman,2088,Apartment,1.0,1,1.0,,,,865000,2026-07-31,Private treaty,,,2026-09-12,,,,,,1.0,163,840169.5956927849,24830.404307215125,2.8705669719323845
https://www.realestate.com.au/sold/property-house-nsw-mosman-150195184,5 Botanic Road,Mosman,2088,House,4.0,3,2.0,,,,8700000,2026-07-22,Private treaty,,,2026-09-12,,,,,,0.75,154,5296800.345889729,3403199.6541102706,39.11723740356633
https://www.realestate.com.au/sold/property-apartment-nsw-mosman-151449168,8/6 Punch Street,Mosman,2088,Apartment,1.0,1,,,,,700000,2026-07-20,Unknown,,,2026-09-12,,,,,,1.0,152,870873.326732086,170873.32673208602,24.41047524744086
https://www.realestate.com.au/sold/property-apartment-nsw-mosman-151472668,4/3 Millett Road,Mosman,2088,Apartment,2.0,1,1.0,,,,1050000,2026-07-16,Private treaty,,,2026-09-12,,,,,,0.5,148,1080925.3259803776,30925.325980377616,2.9452691409883442
https://www.realestate.com.au/sold/property-unit-nsw-mosman-151380692,7/154 Raglan Street,Mosman,2088,Unit,1.0,1,1.0,,,,785000,2026-07-14,Private treaty,,,2026-09-12,,,,,,1.0,146,857642.4223590004,72642.42235900043,9.253811765477762
https://www.realestate.com.au/sold/property-apartment-nsw-mosman-151578736,20/96 Ourimbah Road,Mosman,2088,Apartment,2.0,1,1.0,,,,1030000,2026-07-07,Unknown,,,2026-09-12,,,,,,0.5,139,1369966.6838728378,339966.6838728378,33.006474162411436
https://www.realestate.com.au/sold/property-apartment-nsw-mosman-151333344,4/125 Raglan Street,Mosman,2088,Apartment,2.0,1,,,,,990000,2026-07-07,Unknown,,,2026-09-12,,,,,,0.5,139,1369966.6838728378,379966.6838728378,38.380473118468466
https://www.realestate.com.au/sold/property-apartment-nsw-mosman-151263404,22/96 Ourimbah Road,Mosman,2088,Apartment,2.0,1,1.0,,102.2,,1025000,2026-07-03,Unknown,,,2026-09-12,,,,,,0.5,135,1279435.015118615,254435.015118615,24.822928304255125
https://www.realestate.com.au/sold/property-apartment-nsw-mosman-151139368,31/2B Brady Street,Mosman,2088,Apartment,3.0,2,2.0,,,,1925000,2026-06-29,Unknown,,,2026-09-12,,,,,,0.6666666666666666,131,3626775.310413873,1701775.3104138728,88.40391222929209
https://www.realestate.com.au/sold/property-apartment-nsw-mosman-151376824,5B/699 Military Road,Mosman,2088,Apartment,2.0,1,1.0,,101.0,,1450000,2026-06-17,Unknown,,,2026-09-12,,,,,,0.5,119,1159434.9937963996,290565.00620360044,20.038965945075894
https://www.realestate.com.au/sold/property-apartment-nsw-mosman-151410080,2/184 Raglan Street,Mosman,2088,Apartment,2.0,1,1.0,,,,1237500,2026-06-17,Unknown,,,2026-09-12,,,,,,0.5,119,1278682.1965573658,41182.19655736582,3.327854267261885
https://www.realestate.com.au/sold/property-townhouse-nsw-mosman-150433716,10/116 Belmont Road,Mosman,2088,Townhouse,3.0,2,2.0,192.0,,,2380000,2026-06-10,Unknown,,,2026-09-12,,,,,,0.6666666666666666,112,2837487.6413470246,457487.6413470246,19.22216980449683
https://www.realestate.com.au/sold/property-apartment-nsw-mosman-151137084,16/5 The Esplanade,Mosman,2088,Apartment,1.0,1,1.0,,,,1570000,2026-06-06,Unknown,,,2026-09-12,,,,,,1.0,108,812893.1719990171,757106.8280009829,48.22336484082693
https://www.realestate.com.au/sold/property-house-nsw-mosman-151124468,105 Holt Avenue,Mosman,2088,House,4.0,3,,,,,3550000,2026-06-05,Unknown,,,2026-09-12,,,,,,0.75,107,6024189.257767975,2474189.2577679753,69.69547204980212
https://www.realestate.com.au/sold/property-apartment-nsw-mosman-150626336,3/1A Oswald Street,Mosman,2088,Apartment,2.0,1,,,,,1140000,2026-06-04,Unknown,,,2026-09-12,,,,,,0.5,106,1229879.4028059272,89879.40280592721,7.884158140870808
https://www.realestate.com.au/sold/property-house-nsw-mosman-150415760,96 Glover Street,Mosman,2088,House,4.0,3,2.0,379.0,,,3390000,2026-06-02,Unknown,,,2026-09-12,,,,,,0.75,104,7330875.99031586,3940875.99031586,116.25002921285723
https://www.realestate.com.au/sold/property-apartment-nsw-mosman-151336940,17/22 Mosman Street,Mosman,2088,Apartment,1.0,1,1.0,,,,827000,2026-06-01,Unknown,,,2026-09-12,,,,,,1.0,103,812893.1719990171,14106.828000982874,1.7057833132990177
https://www.realestate.com.au/sold/property-apartment-nsw-mosman-148836792,28 (Lot 27/9 Mandolong Road,Mosman,2088,Apartment,1.0,1,,,40.0,,800000,2026-05-29,Unknown,,,2026-09-12,,,,,,1.0,100,1201357.5299308952,401357.5299308952,50.1696912413619
https://www.realestate.com.au/sold/property-apartment-nsw-mosman-150833140,12/22 Warringah Road,Mosman,2088,Apartment,1.0,1,1.0,,,,1030000,2026-05-26,Unknown,,,2026-09-12,,,,,,1.0,97,870873.326732086,159126.67326791398,15.449191579409124
https://www.realestate.com.au/sold/property-apartment-nsw-mosman-150833828,32B/2 Brady Street,Mosman,2088,Apartment,2.0,2,2.0,,154.0,,2000000,2026-05-19,Unknown,,,2026-09-12,,,,,,1.0,90,2730424.647024587,730424.6470245868,36.52123235122934
https://www.realestate.com.au/sold/property-apartment-nsw-mosman-149969460,7/8 Earl Street,Mosman,2088,Apartment,3.0,2,2.0,,156.0,,3000000,2026-05-15,Unknown,,,2026-09-12,,,,,,0.6666666666666666,86,3150788.6881698878,150788.68816988776,5.026289605662925
https://www.realestate.com.au/sold/property-apartment-nsw-mosman-150495412,27/102 Spit Road,Mosman,2088,Apartment,1.0,1,1.0,,,,765000,2026-05-15,Unknown,,,2026-09-12,,,,,,1.0,86,870873.326732086,105873.32673208602,13.83965055321386
https://www.realestate.com.au/sold/property-apartment-nsw-mosman-150960364,2/7 Badham Avenue,Mosman,2088,Apartment,2.0,1,,,67.0,,1265000,2026-05-13,Unknown,,,2026-09-12,,,,,,0.5,84,1143548.867212972,121451.1327870281,9.60088006221566
https://www.realestate.com.au/sold/property-apartment-nsw-mosman-150506028,13/68 Bradleys Head Road,Mosman,2088,Apartment,1.0,1,,,,,750000,2026-05-13,Unknown,,,2026-09-12,,,,,,1.0,84,812893.1719990171,62893.171999017126,8.385756266535617
https://www.realestate.com.au/sold/property-apartment-nsw-mosman-150379492,24/27 Warringah Road,Mosman,2088,Apartment,1.0,1,1.0,,,,788000,2026-04-23,Unknown,,,2026-09-12,,,,,,1.0,64,889372.7514558492,101372.75145584915,12.864562367493548
https://www.realestate.com.au/sold/property-apartment-nsw-mosman-150616400,9/237 Raglan Street,Mosman,2088,Apartment,1.0,1,1.0,,37.0,,1500000,2026-04-16,Unknown,,,2026-09-12,,,,,,1.0,57,833851.2605991019,666148.7394008981,44.40991596005988
https://www.realestate.com.au/sold/property-apartment-nsw-mosman-149396024,11/1A Queen Street,Mosman,2088,Apartment,2.0,1,1.0,,,,1325000,2026-04-16,Unknown,,,2026-09-12,,,,,,0.5,57,1279758.6449599073,45241.35504009272,3.414441889818318
https://www.realestate.com.au/sold/property-apartment-nsw-mosman-150727204,6/16 Bardwell Road,Mosman,2088,Apartment,2.0,2,1.0,,116.0,,1325000,2026-04-16,Unknown,,,2026-09-12,,,,,,1.0,57,2862383.4550236817,1537383.4550236817,116.02894000178729
https://www.realestate.com.au/sold/property-apartment-nsw-mosman-150266228,18/174 Spit Road,Mosman,2088,Apartment,2.0,1,1.0,,,,1195000,2026-04-12,Unknown,,,2026-09-12,,,,,,0.5,53,1229879.4028059272,34879.40280592721,2.9187784774834484
https://www.realestate.com.au/sold/property-house-nsw-mosman-150578600,14 Erith Street,Mosman,2088,House,4.0,3,1.0,613.0,,,5300000,2026-04-11,Unknown,,,2026-09-12,,,,,,0.75,52,6234808.809033425,934808.8090334246,17.637902057234424
https://www.realestate.com.au/sold/property-house-nsw-mosman-150578988,130 Cowles Road,Mosman,2088,House,5.0,2,1.0,,,,4200000,2026-04-11,Unknown,,,2026-09-12,,,,,,0.4,52,3440240.6083352976,759759.3916647024,18.089509325350058
https://www.realestate.com.au/sold/property-unit-nsw-mosman-150696876,3/3 Millett Road,Mosman,2088,Unit,1.0,1,,,58.0,,740000,2026-04-09,Unknown,,,2026-09-12,,,,,,1.0,50,828352.0934684405,88352.09346844046,11.939472090329792
https://www.realestate.com.au/sold/property-apartment-nsw-mosman-150438556,312/88 Vista Street,Mosman,2088,Apartment,1.0,1,,,,,721000,2026-04-08,Unknown,,,2026-09-12,,,,,,1.0,49,870873.326732086,149873.32673208602,20.786869172272677
https://www.realestate.com.au/sold/property-apartment-nsw-mosman-150698636,28/182 Raglan Street,Mosman,2088,Apartment,2.0,1,1.0,,,,1800000,2026-04-04,Unknown,,,2026-09-12,,,,,,0.5,45,1264698.6404707646,535301.3595292354,29.738964418290852
https://www.realestate.com.au/sold/property-apartment-nsw-mosman-150640504,12/68 Bradleys Head Road,Mosman,2088,Apartment,2.0,1,,,,,1100000,2026-04-02,Unknown,,,2026-09-12,,,,,,0.5,43,1264698.6404707646,164698.6404707646,14.972603679160418
https://www.realestate.com.au/sold/property-apartment-nsw-mosman-150576004,8/4 Mandolong Road,Mosman,2088,Apartment,2.0,1,1.0,,101.0,,1405000,2026-04-01,Unknown,,,2026-09-12,,,,,,0.5,42,1159434.9937963996,245565.00620360044,17.477936384597896
https://www.realestate.com.au/sold/property-house-nsw-mosman-149267976,17 Morella Road,Mosman,2088,House,4.0,3,2.0,961.1,,,23000000,2026-03-31,Unknown,,,2026-09-12,,,,,,0.75,41,5249371.001232748,17750628.998767253,77.17664782072718
https://www.realestate.com.au/sold/property-house-nsw-mosman-150084608,34 Rickard Avenue,Mosman,2088,House,7.0,3,2.0,,,,9000000,2026-03-27,Unknown,,,2026-09-12,,,,,,0.42857142857142855,37,4655396.688944762,4344603.311055238,48.27337012283598
https://www.realestate.com.au/sold/property-house-nsw-mosman-150397796,10 Cyprian Street,Mosman,2088,House,4.0,3,2.0,556.4,,,8500000,2026-03-27,Unknown,,,2026-09-12,,,,,,0.75,37,5880734.317846588,2619265.682153412,30.81489037827544
https://www.realestate.com.au/sold/property-apartment-nsw-mosman-149969284,2/732 Military Road,Mosman,2088,Apartment,1.0,1,1.0,,,,1050000,2026-03-27,Unknown,,,2026-09-12,,,,,,1.0,37,889372.7514558492,160627.24854415085,15.297833194681033
https://www.realestate.com.au/sold/property-house-nsw-mosman-149519784,29 Pearl Bay Avenue,Mosman,2088,House,4.0,3,3.0,,,,7198000,2026-03-20,Unknown,,,2026-09-12,,,,,,0.75,30,5240392.237123932,1957607.7628760682,27.19655130419656
https://www.realestate.com.au/sold/property-unit-nsw-mosman-150000160,13/560 Military Road,Mosman,2088,Unit,2.0,1,1.0,,105.0,,1037000,2026-03-19,Unknown,,,2026-09-12,,,,,,0.5,29,1229879.4028059272,192879.4028059272,18.599749547341098
https://www.realestate.com.au/sold/property-apartment-nsw-mosman-150255660,15/98 Ourimbah Road,Mosman,2088,Apartment,2.0,1,1.0,,,,1040000,2026-03-12,Unknown,,,2026-09-12,,,,,,0.5,22,1278682.1965573658,238682.19655736582,22.950211207439022
https://www.realestate.com.au/sold/property-apartment-nsw-mosman-150487400,7/10 Raglan Street,Mosman,2088,Apartment,1.0,1,,,,,710000,2026-03-11,Unknown,,,2026-09-12,,,,,,1.0,21,889372.7514558492,179372.75145584915,25.263767810682978
https://www.realestate.com.au/sold/property-house-nsw-mosman-150200956,31 Ryrie Street,Mosman,2088,House,5.0,3,2.0,624.0,,,3900000,2026-03-07,Unknown,,,2026-09-12,,,,,,0.6,17,6375445.972387044,2475445.9723870438,63.47297365094984
https://www.realestate.com.au/sold/property-apartment-nsw-mosman-150282916,16/182 Raglan Street,Mosman,2088,Apartment,2.0,1,1.0,,,,1610000,2026-03-07,Unknown,,,2026-09-12,,,,,,0.5,17,1229879.4028059272,380120.5971940728,23.60997498099831
https://www.realestate.com.au/sold/property-house-nsw-mosman-150128256,53 Clanalpine Street,Mosman,2088,House,5.0,5,4.0,511.0,,,7700000,2026-03-06,Unknown,,,2026-09-12,,,,,,1.0,16,6549931.572251708,1150068.4277482918,14.935953607120672
https://www.realestate.com.au/sold/property-apartment-nsw-mosman-150166172,1/8 Muston Street,Mosman,2088,Apartment,2.0,1,1.0,,,,1300000,2026-03-06,Unknown,,,2026-09-12,,,,,,0.5,16,1278682.1965573658,21317.803442634176,1.6398310340487827
https://www.realestate.com.au/sold/property-apartment-nsw-mosman-150344092,17/6 Clifford Street,Mosman,2088,Apartment,1.0,1,,,,,672000,2026-03-05,Unknown,,,2026-09-12,,,,,,1.0,15,881985.4117278672,209985.4117278672,31.247829126170718
https://www.realestate.com.au/sold/property-apartment-nsw-mosman-150360080,5/100 Avenue Road,Mosman,2088,Apartment,1.0,1,,,,,660000,2026-03-04,Unknown,,,2026-09-12,,,,,,1.0,14,889372.7514558492,229372.75145584915,34.75344719028017
https://www.realestate.com.au/sold/property-apartment-nsw-mosman-150251784,2/30 Warringah Road,Mosman,2088,Apartment,2.0,1,1.0,,101.3,,1100000,2026-03-03,Unknown,,,2026-09-12,,,,,,0.5,13,1159434.9937963996,59434.99379639956,5.403181254218142
https://www.realestate.com.au/sold/property-house-nsw-mosman-148344104,33 Spofforth Street,Mosman,2088,House,4.0,3,3.0,,,,5075000,2026-03-02,Unknown,,,2026-09-12,,,,,,0.75,12,6172172.634072279,1097172.6340722786,21.61916520339465
https://www.realestate.com.au/sold/property-apartment-nsw-mosman-150108356,203/171-179 Avenue Road,Mosman,2088,Apartment,3.0,2,3.0,,,,4450000,2026-03-01,Unknown,,,2026-09-12,,,,,,0.6666666666666666,11,2468072.2553814934,1981927.7446185066,44.53770212625858
https://www.realestate.com.au/sold/property-apartment-nsw-mosman-150128988,15/5 The Esplanade,Mosman,2088,Apartment,2.0,1,1.0,,,,1950000,2026-02-28,Unknown,,,2026-09-12,,,,,,0.5,10,1278682.1965573658,671317.8034426342,34.42655402269919
https://www.realestate.com.au/sold/property-apartment-nsw-mosman-150129332,9/48 Middle Head Road,Mosman,2088,Apartment,1.0,1,1.0,,,,862000,2026-02-28,Unknown,,,2026-09-12,,,,,,1.0,10,889372.7514558492,27372.751455849153,3.1754932083351686
https://www.realestate.com.au/sold/property-house-nsw-mosman-150278904,1 Bray Street,Mosman,2088,House,3.0,2,1.0,296.0,,,3750000,2026-02-27,Unknown,,,2026-09-12,,,,,,0.6666666666666666,9,2732622.114374855,1017377.8856251449,27.13007695000387
https://www.realestate.com.au/sold/property-apartment-nsw-mosman-149189124,5/53 Prince Albert Street,Mosman,2088,Apartment,3.0,2,1.0,,,,2400000,2026-02-27,Unknown,,,2026-09-12,,,,,,0.6666666666666666,9,3015230.5132563063,615230.5132563063,25.63460471901276
https://www.realestate.com.au/sold/property-apartment-nsw-mosman-150283504,3/46A Moruben Road,Mosman,2088,Apartment,2.0,1,1.0,,,,2030800,2026-02-27,Unknown,,,2026-09-12,,,,,,0.5,9,1229879.4028059272,800920.5971940728,39.43867427585547
https://www.realestate.com.au/sold/property-apartment-nsw-mosman-150205572,310/55 Harbour Street,Mosman,2088,Apartment,1.0,1,1.0,,,,1065000,2026-02-27,Unknown,,,2026-09-12,,,,,,1.0,9,870873.326732086,194126.67326791398,18.227856644874553
https://www.realestate.com.au/sold/property-apartment-nsw-mosman-149994628,406/88 Vista Street,Mosman,2088,Apartment,1.0,1,1.0,,,,875000,2026-02-26,Unknown,,,2026-09-12,,,,,,1.0,8,870873.326732086,4126.673267913982,0.4716198020473123
https://www.realestate.com.au/sold/property-apartment-nsw-mosman-150136912,13/56 Harbour Street,Mosman,2088,Apartment,1.0,1,1.0,,,,1150000,2026-02-20,Unknown,,,2026-09-12,,,,,,1.0,2,812893.1719990171,337106.8280009829,29.313637217476774
https://www.realestate.com.au/sold/property-apartment-nsw-mosman-150208984,17/98 Ourimbah Road,Mosman,2088,Apartment,2.0,1,1.0,,,,1125000,2026-02-20,Unknown,,,2026-09-12,,,,,,0.5,2,1278682.1965573658,153682.19655736582,13.660639693988072
https://www.realestate.com.au/sold/property-apartment-nsw-mosman-150114112,3/70-72 Muston Street,Mosman,2088,Apartment,3.0,2,2.0,,172.0,,4100000,2026-02-19,Unknown,,,2026-09-12,,,,,,0.6666666666666666,1,2693399.788027945,1406600.211972055,34.30732224322085
https://www.realestate.com.au/sold/property-apartment-nsw-mosman-149145924,1D/74 Prince Street,Mosman,2088,Apartment,2.0,1,1.0,,,,1000000,2026-02-18,Unknown,,,2026-09-12,,,,,,0.5,0,1369966.6838728378,369966.6838728378,36.99666838728378
https://www.realestate.com.au/sold/property-apartment-nsw-parramatta-152003760,2/16 Betts Street,Parramatta,2150,Apartment,2.0,1,1.0,,,,660000,2026-09-12,Private treaty,,,2026-09-12,,,,,,0.5,206,597307.9489209838,62692.05107901618,9.498795618032755
https://www.realestate.com.au/sold/property-apartment-nsw-parramatta-151592404,33/68 Great Western Highway,Parramatta,2150,Apartment,2.0,1,1.0,,116.0,,520000,2026-09-11,Private treaty,,,2026-09-12,,,,,,0.5,205,620370.5700151077,100370.57001510775,19.30203269521303
https://www.realestate.com.au/sold/property-apartment-nsw-parramatta-150842492,505/23 Hassall Street,Parramatta,2150,Apartment,2.0,2,1.0,,122.0,,660000,2026-09-09,Private treaty,,,2026-09-12,,,,,,1.0,203,631057.6964715917,28942.303528408287,4.385197504304286
https://www.realestate.com.au/sold/property-apartment-nsw-parramatta-150509384,1702/45 Macquarie Street,Parramatta,2150,Apartment,2.0,2,1.0,,,,705000,2026-09-04,Private treaty,,,2026-09-12,,,,,,1.0,198,674599.1970313701,30400.80296862987,4.312170633848209
https://www.realestate.com.au/sold/property-apartment-nsw-parramatta-149706980,89/459-463 Church Street,Parramatta,2150,Apartment,2.0,2,1.0,,136.0,,580000,2026-09-04,Private treaty,,,2026-09-12,,,,,,1.0,198,640295.8312616257,60295.831261625746,10.395832976142371
https://www.realestate.com.au/sold/property-apartment-nsw-parramatta-152041592,8/64-66 Great Western Highway,Parramatta,2150,Apartment,1.0,1,1.0,,,,425000,2026-09-04,Private treaty,,,2026-09-12,,,,,,1.0,198,430576.4664738677,5576.466473867709,1.3121097585571082
https://www.realestate.com.au/sold/property-apartment-nsw-parramatta-151028024,10/4 Peace Lane,Parramatta,2150,Apartment,2.0,2,1.0,,108.0,,570000,2026-09-03,Private treaty,,,2026-09-12,,,,,,1.0,197,581296.1556334019,11296.15563340194,1.9817816900705159
https://www.realestate.com.au/sold/property-unit-nsw-parramatta-152000252,1/18 Early Street,Parramatta,2150,Unit,2.0,1,1.0,,123.0,,546000,2026-09-01,Unknown,,,2026-09-12,,,,,,0.5,195,579866.582273103,33866.58227310295,6.202670745989551
https://www.realestate.com.au/sold/property-apartment-nsw-parramatta-152037172,9/178 George Street,Parramatta,2150,Apartment,1.0,1,,,93.0,,490000,2026-09-01,Private treaty,,,2026-09-12,,,,,,1.0,195,500957.05193366436,10957.051933664363,2.2361330476866046
https://www.realestate.com.au/sold/property-unit-nsw-parramatta-152083100,17/10-12 Thomas Street,Parramatta,2150,Unit,2.0,1,1.0,,,,650000,2026-08-31,Private treaty,,,2026-09-12,,,,,,0.5,194,586155.2710284472,63844.7289715528,9.822265995623509
https://www.realestate.com.au/sold/property-unit-nsw-parramatta-151176568,3/23 Good Street,Parramatta,2150,Unit,2.0,1,1.0,,104.0,,569000,2026-08-31,Private treaty,,,2026-09-12,,,,,,0.5,194,617578.1551734448,48578.15517344477,8.537461366159011
https://www.realestate.com.au/sold/property-apartment-nsw-parramatta-151624544,401/6 River Road West,Parramatta,2150,Apartment,2.0,2,1.0,,108.0,,540000,2026-08-30,Private treaty,,,2026-09-12,,,,,,1.0,193,610006.6476604706,70006.64766047057,12.964194011198254
https://www.realestate.com.au/sold/property-apartment-nsw-parramatta-151649792,5/30-32 Queens Avenue,Parramatta,2150,Apartment,2.0,1,1.0,,,,680000,2026-08-28,Private treaty,,,2026-09-12,,,,,,0.5,191,594140.1668903255,85859.83310967451,12.626446045540368
https://www.realestate.com.au/sold/property-apartment-nsw-parramatta-151527340,11/32 Hassall Street,Parramatta,2150,Apartment,2.0,2,1.0,,,,590000,2026-08-28,Private treaty,,,2026-09-12,,,,,,1.0,191,712176.8854657533,122176.88546575326,20.707946689110724
https://www.realestate.com.au/sold/property-unit-nsw-parramatta-151576280,C26/88-98 Marsden Street,Parramatta,2150,Unit,2.0,2,1.0,,,,552000,2026-08-27,Private treaty,,,2026-09-12,,,,,,1.0,190,698791.1662356532,146791.16623565322,26.592602578922687
https://www.realestate.com.au/sold/property-apartment-nsw-parramatta-150473796,15/1 Good Street,Parramatta,2150,Apartment,2.0,1,1.0,,,,480000,2026-08-27,Private treaty,,,2026-09-12,,,,,,0.5,190,660885.5934144178,180885.59341441782,37.68449862800371
https://www.realestate.com.au/sold/property-apartment-nsw-parramatta-151973256,907/6-10 Charles Street,Parramatta,2150,Apartment,3.0,2,1.0,,189.0,,720000,2026-08-25,Private treaty,,,2026-09-12,,,,,,0.6666666666666666,188,868091.680979012,148091.68097901205,20.568289024862786
https://www.realestate.com.au/sold/property-apartment-nsw-parramatta-151893972,D603/1 Broughton Street,Parramatta,2150,Apartment,2.0,2,1.0,,,,680000,2026-08-25,Private treaty,,,2026-09-12,,,,,,1.0,188,684888.3203232653,4888.320323265274,0.718870635774305
https://www.realestate.com.au/sold/property-apartment-nsw-parramatta-149992300,1417/32 Hunter Street (AKA 1417/45 Macquarie St),Parramatta,2150,Apartment,1.0,1,1.0,,76.0,,560000,2026-08-25,Private treaty,,,2026-09-12,,,,,,1.0,188,525038.6291909881,34961.37080901186,6.243101930180689
https://www.realestate.com.au/sold/property-apartment-nsw-parramatta-151956248,16L/15 Campbell Street,Parramatta,2150,Apartment,1.0,1,1.0,,,,405000,2026-08-25,Auction,,,2026-09-12,,,,,,1.0,188,447053.30933165224,42053.30933165224,10.383533168309196
https://www.realestate.com.au/sold/property-apartment-nsw-parramatta-150177508,805/21 Hassall Street,Parramatta,2150,Apartment,1.0,1,,,,,410000,2026-08-24,Private treaty,,,2026-09-12,,,,,,1.0,187,446057.13551096764,36057.13551096764,8.79442329535796
https://www.realestate.com.au/sold/property-apartment-nsw-parramatta-151713296,1502/88 Church Street,Parramatta,2150,Apartment,2.0,2,1.0,,,,800000,2026-08-21,Private treaty,,,2026-09-12,,,,,,1.0,184,651120.7082885286,148879.2917114714,18.609911463933923
https://www.realestate.com.au/sold/property-apartment-nsw-parramatta-151643420,41/3 Good Street,Parramatta,2150,Apartment,2.0,2,1.0,,132.0,,641000,2026-08-21,Private treaty,,,2026-09-12,,,,,,1.0,184,606990.2447224201,34009.75527757988,5.305734052664569
https://www.realestate.com.au/sold/property-apartment-nsw-parramatta-151458016,219/88 Church Street,Parramatta,2150,Apartment,1.0,1,1.0,,72.0,,600000,2026-08-21,Private treaty,,,2026-09-12,,,,,,1.0,184,513572.30930124095,86427.69069875905,14.40461511645984
https://www.realestate.com.au/sold/property-apartment-nsw-parramatta-150842684,401/8 River Road,Parramatta,2150,Apartment,2.0,2,1.0,,,,550000,2026-08-21,Unknown,,,2026-09-12,,,,,,1.0,184,602693.0927143913,52693.0927143913,9.58056231170751
https://www.realestate.com.au/sold/property-apartment-nsw-parramatta-150736304,11/22-24 Tennyson Street,Parramatta,2150,Apartment,2.0,2,1.0,,,,650000,2026-08-17,Private treaty,,,2026-09-12,,,,,,1.0,180,712176.8854657533,62176.885465753265,9.565674687038964
https://www.realestate.com.au/sold/property-apartment-nsw-parramatta-151449756,53/20 Victoria Road,Parramatta,2150,Apartment,2.0,2,1.0,,122.0,,640000,2026-08-13,Private treaty,,,2026-09-12,,,,,,1.0,176,660982.2158969522,20982.2158969522,3.278471233898781
https://www.realestate.com.au/sold/property-townhouse-nsw-parramatta-151891468,2/1-7 Bobart Street,Parramatta,2150,Townhouse,2.0,1,1.0,251.0,,,780000,2026-08-12,Auction,,,2026-09-12,,,,,,0.5,175,613219.4792728476,166780.52072715235,21.38211804194261
https://www.realestate.com.au/sold/property-apartment-nsw-parramatta-151815704,3637/180 George Street,Parramatta,2150,Apartment,1.0,1,,,,,623000,2026-08-12,Private treaty,,,2026-09-12,,,,,,1.0,175,427703.0065559974,195296.99344400258,31.34783201348356
https://www.realestate.com.au/sold/property-unit-nsw-parramatta-151912828,5/5 Thomas Street,Parramatta,2150,Unit,2.0,1,1.0,,81.0,,530000,2026-08-12,Private treaty,,,2026-09-12,,,,,,0.5,175,568649.096304681,38649.096304681036,7.2922823216379316
https://www.realestate.com.au/sold/property-unit-nsw-parramatta-151435964,3/11 O'Reilly Street,Parramatta,2150,Unit,2.0,2,1.0,,145.0,,657000,2026-08-11,Unknown,,,2026-09-12,,,,,,1.0,174,601008.2778091324,55991.722190867644,8.522332144728713
https://www.realestate.com.au/sold/property-apartment-nsw-parramatta-150227964,1001/1A Morton Street,Parramatta,2150,Apartment,2.0,2,1.0,,127.0,,635000,2026-08-07,Unknown,,,2026-09-12,,,,,,1.0,170,701148.9925380578,66148.99253805785,10.41716417922171
https://www.realestate.com.au/sold/property-unit-nsw-parramatta-151700640,4/39 Great Western Highway,Parramatta,2150,Unit,2.0,1,1.0,,,,560000,2026-08-07,Unknown,,,2026-09-12,,,,,,0.5,170,565206.2974453607,5206.297445360688,0.9296959723858371
https://www.realestate.com.au/sold/property-apartment-nsw-parramatta-151516112,5/13 Queens Avenue,Parramatta,2150,Apartment,1.0,1,1.0,,,,435000,2026-08-07,Unknown,,,2026-09-12,,,,,,1.0,170,462976.7605576831,27976.760557683127,6.4314392086627885
https://www.realestate.com.au/sold/property-unit-nsw-parramatta-151414292,902/22 Charles Street,Parramatta,2150,Unit,1.0,1,1.0,,81.0,,400000,2026-08-07,Unknown,,,2026-09-12,,,,,,1.0,170,524904.8381301719,124904.83813017188,31.22620953254297
https://www.realestate.com.au/sold/property-apartment-nsw-parramatta-151176520,404/23 Hassall Street,Parramatta,2150,Apartment,2.0,2,1.0,,124.0,,680000,2026-08-04,Unknown,,,2026-09-12,,,,,,1.0,167,638358.463051457,41641.53694854304,6.123755433609271
https://www.realestate.com.au/sold/property-apartment-nsw-parramatta-151782036,2/15-19 Early Street,Parramatta,2150,Apartment,2.0,1,1.0,,150.0,,588000,2026-08-04,Unknown,,,2026-09-12,,,,,,0.5,167,569852.8254921917,18147.17450780829,3.0862541679946074
https://www.realestate.com.au/sold/property-apartment-nsw-parramatta-150811748,214/354-366 Church Street,Parramatta,2150,Apartment,1.0,1,,,,,497000,2026-08-03,Unknown,,,2026-09-12,,,,,,1.0,166,430399.9539184066,66600.04608159338,13.4004116864373
https://www.realestate.com.au/sold/property-unit-nsw-parramatta-148720200,412/31 Hassall Street,Parramatta,2150,Unit,1.0,1,1.0,,,,432000,2026-08-03,Unknown,,,2026-09-12,,,,,,1.0,166,462888.67972081766,30888.679720817658,7.150157342781865
https://www.realestate.com.au/sold/property-apartment-nsw-parramatta-151392796,3001/11 Hassall St,Parramatta,2150,Apartment,2.0,2,1.0,,,,740000,2026-08-02,Unknown,,,2026-09-12,,,,,,1.0,165,601969.1894135447,138030.81058645528,18.652812241412875
https://www.realestate.com.au/sold/property-apartment-nsw-parramatta-151397752,1/6 Sorrell St,Parramatta,2150,Apartment,3.0,2,2.0,,157.0,,805000,2026-07-31,Unknown,,,2026-09-12,,,,,,0.6666666666666666,163,766301.9894239098,38698.01057609019,4.807206282744123
https://www.realestate.com.au/sold/property-apartment-nsw-parramatta-150682068,12/37 Fennell Street,Parramatta,2150,Apartment,3.0,1,1.0,,,,695000,2026-07-31,Unknown,,,2026-09-12,,,,,,0.3333333333333333,163,717451.5328360407,22451.532836040715,3.230436379286434
https://www.realestate.com.au/sold/property-apartment-nsw-parramatta-151786980,D201/1 Broughton Street,Parramatta,2150,Apartment,1.0,1,1.0,,79.0,,530000,2026-07-31,Unknown,,,2026-09-12,,,,,,1.0,163,457298.53416886437,72701.46583113563,13.717257703987856
https://www.realestate.com.au/sold/property-apartment-nsw-parramatta-151837448,16/18 Thomas St,Parramatta,2150,Apartment,2.0,1,1.0,,,,626000,2026-07-30,Unknown,,,2026-09-12,,,,,,0.5,162,559366.048387866,66633.951612134,10.644401215995847
https://www.realestate.com.au/sold/property-apartment-nsw-parramatta-151631376,4/13 Henry Street,Parramatta,2150,Apartment,2.0,1,1.0,,,,580000,2026-07-30,Unknown,,,2026-09-12,,,,,,0.5,162,555124.6848026032,24875.31519739679,4.288847447827033
https://www.realestate.com.au/sold/property-apartment-nsw-parramatta-151104612,907/29 Hunter Street,Parramatta,2150,Apartment,2.0,2,1.0,,,,555000,2026-07-29,Unknown,,,2026-09-12,,,,,,1.0,161,601969.1894135447,46969.18941354472,8.4629170114495
https://www.realestate.com.au/sold/property-apartment-nsw-parramatta-151764748,34/105-107 Church Street,Parramatta,2150,Apartment,2.0,2,1.0,,,,625000,2026-07-28,Unknown,,,2026-09-12,,,,,,1.0,160,631013.1111861463,6013.1111861462705,0.9620977897834032
https://www.realestate.com.au/sold/property-apartment-nsw-parramatta-151713748,3/22-24 Thomas Street,Parramatta,2150,Apartment,2.0,1,2.0,,122.0,,667000,2026-07-27,Unknown,,,2026-09-12,,,,,,0.5,159,563176.4501882155,103823.54981178453,15.565749596969194
https://www.realestate.com.au/sold/property-apartment-nsw-parramatta-151669176,1330K/2 Morton Street,Parramatta,2150,Apartment,2.0,2,1.0,,,,740000,2026-07-25,Unknown,,,2026-09-12,,,,,,1.0,157,602693.0927143913,137306.9072856087,18.554987471028202
https://www.realestate.com.au/sold/property-apartment-nsw-parramatta-151643160,15/7-11 Elizabeth Street,Parramatta,2150,Apartment,2.0,1,1.0,,112.0,,650000,2026-07-25,Unknown,,,2026-09-12,,,,,,0.5,157,577736.1815189216,72263.81848107837,11.117510535550519
https://www.realestate.com.au/sold/property-apartment-nsw-parramatta-151688016,28/24 Campbell Street,Parramatta,2150,Apartment,2.0,2,1.0,,,,500000,2026-07-25,Unknown,,,2026-09-12,,,,,,1.0,157,631013.1111861463,131013.11118614627,26.202622237229257
https://www.realestate.com.au/sold/property-apartment-nsw-parramatta-151730968,27/9-11 Cowper Street,Parramatta,2150,Apartment,3.0,2,2.0,,149.0,,800000,2026-07-23,Unknown,,,2026-09-12,,,,,,0.6666666666666666,155,762679.9806171565,37320.019382843515,4.66500242285544
https://www.realestate.com.au/sold/property-apartment-nsw-parramatta-151646944,10/15-17 Queens Avenue,Parramatta,2150,Apartment,2.0,1,1.0,,,,615000,2026-07-22,Unknown,,,2026-09-12,,,,,,0.5,154,555124.6848026032,59875.31519739679,9.735823609332812
https://www.realestate.com.au/sold/property-apartment-nsw-parramatta-151324380,12/128 Macquarie Street,Parramatta,2150,Apartment,2.0,1,2.0,,136.0,,532000,2026-07-22,Unknown,,,2026-09-12,,,,,,0.5,154,623450.6031538406,91450.60315384064,17.189962998842226
https://www.realestate.com.au/sold/property-apartment-nsw-parramatta-150895472,6/89 Great Western Highway,Parramatta,2150,Apartment,2.0,1,1.0,,,,460000,2026-07-22,Unknown,,,2026-09-12,,,,,,0.5,154,559054.3585984942,99054.3585984942,21.533556217063957
https://www.realestate.com.au/sold/property-apartment-nsw-parramatta-150907148,44/20-24 Sorrell Street,Parramatta,2150,Apartment,3.0,2,1.0,,192.0,,825000,2026-07-21,Unknown,,,2026-09-12,,,,,,0.6666666666666666,153,754573.9769031383,70426.02309686167,8.536487648104444
https://www.realestate.com.au/sold/property-apartment-nsw-parramatta-151592008,42/21 Sorrell Street,Parramatta,2150,Apartment,3.0,2,1.0,,,,665000,2026-07-21,Unknown,,,2026-09-12,,,,,,0.6666666666666666,153,761457.7619954459,96457.76199544594,14.504926615856531
https://www.realestate.com.au/sold/property-apartment-nsw-parramatta-150904076,80/68 MacArthur Street,Parramatta,2150,Apartment,2.0,1,2.0,,111.0,,583000,2026-07-21,Unknown,,,2026-09-12,,,,,,0.5,153,592553.6873582787,9553.687358278665,1.6387113822090336
https://www.realestate.com.au/sold/property-apartment-nsw-parramatta-150676540,1/32 Hassall Street,Parramatta,2150,Apartment,1.0,1,,,54.0,,350000,2026-07-21,Unknown,,,2026-09-12,,,,,,1.0,153,476357.7483574161,126357.74835741607,36.10221381640459
https://www.realestate.com.au/sold/property-apartment-nsw-parramatta-150736888,35/26-30 Hassall Street,Parramatta,2150,Apartment,2.0,2,1.0,,,,580000,2026-07-20,Unknown,,,2026-09-12,,,,,,1.0,152,623637.1857180514,43637.18571805139,7.52365271000886
https://www.realestate.com.au/sold/property-apartment-nsw-parramatta-151535112,20/4 Peace Lane,Parramatta,2150,Apartment,2.0,1,1.0,,,,425000,2026-07-19,Unknown,,,2026-09-12,,,,,,0.5,151,604274.7389501869,179274.73895018687,42.18229151769103
https://www.realestate.com.au/sold/property-unit-nsw-parramatta-151582864,11/27-29 Early Street,Parramatta,2150,Unit,2.0,1,1.0,,97.0,,530000,2026-07-17,Unknown,,,2026-09-12,,,,,,0.5,149,556875.6891858735,26875.68918587349,5.070884752051601
https://www.realestate.com.au/sold/property-apartment-nsw-parramatta-150549432,804/140 Church Street,Parramatta,2150,Apartment,2.0,2,1.0,,,,660000,2026-07-16,Unknown,,,2026-09-12,,,,,,1.0,148,631013.1111861463,28986.88881385373,4.391952850583898
https://www.realestate.com.au/sold/property-apartment-nsw-parramatta-151195168,102/2-4 Amos Street,Parramatta,2150,Apartment,2.0,2,1.0,,115.0,,660000,2026-07-16,Unknown,,,2026-09-12,,,,,,1.0,148,585568.9249949422,74431.07500505785,11.277435606826947
https://www.realestate.com.au/sold/property-apartment-nsw-parramatta-151042124,2102/12 Phillip Street,Parramatta,2150,Apartment,2.0,1,1.0,,,,780000,2026-07-15,Unknown,,,2026-09-12,,,,,,0.5,147,559054.3585984942,220945.6414015058,28.32636428224433
https://www.realestate.com.au/sold/property-apartment-nsw-parramatta-151206472,F328/1 Broughton Street,Parramatta,2150,Apartment,2.0,2,1.0,,126.0,,720000,2026-07-10,Unknown,,,2026-09-12,,,,,,1.0,142,637537.691662428,82462.30833757203,11.453098380218337
https://www.realestate.com.au/sold/property-villa-nsw-parramatta-151406168,6/50 Morton Street,Parramatta,2150,Villa,2.0,2,1.0,,,,850000,2026-07-07,Unknown,,,2026-09-12,,,,,,1.0,139,595932.5546124867,254067.44538751326,29.89028769264862
https://www.realestate.com.au/sold/property-house-nsw-liverpool-151930956,41 Tully Avenue,Liverpool,2170,House,6.0,2,2.0,588.1,,,1150000,2026-09-11,Private treaty,,,2026-09-12,,,,,,0.3333333333333333,205,1037875.3527730835,112124.64722691651,9.749969324079697
https://www.realestate.com.au/sold/property-unit-nsw-liverpool-152048988,501/311 Hume Highway,Liverpool,2170,Unit,2.0,2,1.0,,,,600000,2026-09-11,Private treaty,,,2026-09-12,,,,,,1.0,205,566948.5887277882,33051.411272211815,5.508568545368636
https://www.realestate.com.au/sold/property-unit-nsw-liverpool-152087256,505/17 Shepherd Street,Liverpool,2170,Unit,2.0,2,1.0,,131.0,,570000,2026-09-11,Private treaty,,,2026-09-12,,,,,,1.0,205,564039.6687237562,5960.331276243785,1.0456721537269797
https://www.realestate.com.au/sold/property-apartment-nsw-liverpool-151680820,202/21 Atkinson Street,Liverpool,2170,Apartment,2.0,2,1.0,,106.0,,530000,2026-09-11,Unknown,,,2026-09-12,,,,,,1.0,205,540401.705463073,10401.705463072984,1.9625859364288647
https://www.realestate.com.au/sold/property-townhouse-nsw-liverpool-151601540,3/1 Stanton Street,Liverpool,2170,Townhouse,3.0,1,1.0,178.0,,,770000,2026-09-03,Private treaty,,,2026-09-12,,,,,,0.3333333333333333,197,868410.5084331989,98410.5084331989,12.780585510805054
https://www.realestate.com.au/sold/property-apartment-nsw-liverpool-151934628,308/6B Atkinson Street,Liverpool,2170,Apartment,1.0,1,1.0,,84.0,,412000,2026-08-31,Unknown,,,2026-09-12,,,,,,1.0,194,401099.39974226174,10900.60025773826,2.6457767615869563
https://www.realestate.com.au/sold/property-apartment-nsw-liverpool-151703084,42/87-91 Campbell Street,Liverpool,2170,Apartment,1.0,1,1.0,,,,410000,2026-08-28,Unknown,,,2026-09-12,,,,,,1.0,191,366411.70286075515,43588.29713924485,10.631291985181672
https://www.realestate.com.au/sold/property-unit-nsw-liverpool-151946852,9/53 Goulburn Street,Liverpool,2170,Unit,2.0,1,1.0,,,,423000,2026-08-27,Private treaty,,,2026-09-12,,,,,,0.5,190,447707.2926673349,24707.2926673349,5.840967533648913
https://www.realestate.com.au/sold/property-apartment-nsw-liverpool-150811780,503/311 Hume Highway,Liverpool,2170,Apartment,2.0,2,1.0,,,,570000,2026-08-25,Private treaty,,,2026-09-12,,,,,,1.0,188,572985.6720004453,2985.672000445309,0.5238021053412822
https://www.realestate.com.au/sold/property-townhouse-nsw-liverpool-151890288,4/44-46 Passefield Street,Liverpool,2170,Townhouse,3.0,2,1.0,233.0,,,875000,2026-08-24,Private treaty,,,2026-09-12,,,,,,0.6666666666666666,187,849030.9051666858,25969.094833314186,2.967896552378764
https://www.realestate.com.au/sold/property-unit-nsw-liverpool-151359976,8/9-11 Bathurst Street,Liverpool,2170,Unit,3.0,1,2.0,,,,660000,2026-08-24,Unknown,,,2026-09-12,,,,,,0.3333333333333333,187,790514.2033992154,130514.20339921536,19.77487930291142
https://www.realestate.com.au/sold/property-apartment-nsw-liverpool-148855372,1303/30 Shepherd Street,Liverpool,2170,Apartment,2.0,2,1.0,,106.0,,539000,2026-08-24,Private treaty,,,2026-09-12,,,,,,1.0,187,565030.650360383,26030.650360382977,4.829434204152686
https://www.realestate.com.au/sold/property-apartment-nsw-liverpool-151685284,2/30 Speed Street,Liverpool,2170,Apartment,2.0,1,1.0,,,,385000,2026-08-24,Private treaty,,,2026-09-12,,,,,,0.5,187,440025.83951406373,55025.83951406373,14.29242584780876
https://www.realestate.com.au/sold/property-house-nsw-liverpool-151905060,8 Angelo Avenue,Liverpool,2170,House,3.0,1,1.0,171.0,,,935000,2026-08-22,Auction,,,2026-09-12,,,,,,0.3333333333333333,185,921306.028193907,13693.971806093003,1.4645959150901606
https://www.realestate.com.au/sold/property-house-nsw-liverpool-151716252,5/10 Christie Street,Liverpool,2170,House,3.0,2,1.0,,,,870000,2026-08-22,Private treaty,,,2026-09-12,,,,,,0.6666666666666666,185,969303.2867195081,99303.28671950812,11.414170887299784
https://www.realestate.com.au/sold/property-unit-nsw-liverpool-151885248,10/50 Castlereagh Street,Liverpool,2170,Unit,2.0,1,1.0,,,,433000,2026-08-21,Private treaty,,,2026-09-12,,,,,,0.5,184,415210.015872642,17789.98412735801,4.108541368904852
https://www.realestate.com.au/sold/property-unit-nsw-liverpool-151685564,66/387 Macquarie Street,Liverpool,2170,Unit,2.0,2,1.0,,,,570000,2026-08-19,Private treaty,,,2026-09-12,,,,,,1.0,182,570437.9583341096,437.9583341096295,0.07683479545782973
https://www.realestate.com.au/sold/property-apartment-nsw-liverpool-151256120,40/387 Macquarie Street,Liverpool,2170,Apartment,1.0,1,1.0,,,,431000,2026-08-19,Private treaty,,,2026-09-12,,,,,,1.0,182,376909.22680834134,54090.77319165866,12.550063385535653
https://www.realestate.com.au/sold/property-apartment-nsw-liverpool-150616840,B601/17 Shepherd Street,Liverpool,2170,Apartment,2.0,2,1.0,,112.0,,555000,2026-08-13,Unknown,,,2026-09-12,,,,,,1.0,176,545262.8998299147,9737.100170085323,1.7544324630784365
https://www.realestate.com.au/sold/property-apartment-nsw-liverpool-151780552,401/21 Charles Street,Liverpool,2170,Apartment,2.0,2,1.0,,,,550000,2026-08-13,Private treaty,,,2026-09-12,,,,,,1.0,176,572985.6720004453,22985.67200044531,4.179213090990056
https://www.realestate.com.au/sold/property-apartment-nsw-liverpool-151540992,20/8 Beale Street,Liverpool,2170,Apartment,2.0,1,1.0,,102.0,,450000,2026-08-13,Private treaty,,,2026-09-12,,,,,,0.5,176,420715.5126141395,29284.487385860528,6.507663863524561
https://www.realestate.com.au/sold/property-unit-nsw-liverpool-151789880,805/311 Hume Highway,Liverpool,2170,Unit,2.0,2,1.0,,,,610000,2026-08-12,Private treaty,,,2026-09-12,,,,,,1.0,175,561239.4119148019,48760.58808519808,7.99353903036034
https://www.realestate.com.au/sold/property-apartment-nsw-liverpool-151096340,2508/311 Hume Highway,Liverpool,2170,Apartment,2.0,2,1.0,,,,625000,2026-08-11,Private treaty,,,2026-09-12,,,,,,1.0,174,576454.5794311581,48545.42056884186,7.767267291014697
https://www.realestate.com.au/sold/property-apartment-nsw-liverpool-151756184,1/58-60 Copeland Street,Liverpool,2170,Apartment,2.0,1,1.0,,,,412000,2026-08-11,Unknown,,,2026-09-12,,,,,,0.5,174,468309.5047347639,56309.504734763876,13.66735551814657
https://www.realestate.com.au/sold/property-townhouse-nsw-liverpool-151751392,1/10 Tobruk Avenue,Liverpool,2170,Townhouse,4.0,3,1.0,241.0,,,962000,2026-08-10,Auction,,,2026-09-12,,,,,,0.75,173,1563643.1440757508,601643.1440757508,62.540867367541665
https://www.realestate.com.au/sold/property-apartment-nsw-liverpool-151786164,91/1 Riverpark Drive,Liverpool,2170,Apartment,2.0,1,2.0,,112.0,,515000,2026-08-10,Private treaty,,,2026-09-12,,,,,,0.5,173,494397.28428746585,20602.715712534147,4.0005273228221645
https://www.realestate.com.au/sold/property-unit-nsw-liverpool-151340168,1610/32 Shepherd Street,Liverpool,2170,Unit,1.0,1,1.0,,76.0,,480000,2026-08-10,Unknown,,,2026-09-12,,,,,,1.0,173,405421.9344125146,74578.06558748538,15.537096997392789
https://www.realestate.com.au/sold/property-apartment-nsw-liverpool-151722612,8/22 Nagle Street,Liverpool,2170,Apartment,2.0,1,1.0,,77.0,,420000,2026-08-10,Private treaty,,,2026-09-12,,,,,,0.5,173,407676.8285792623,12323.171420737694,2.9340884335089745
https://www.realestate.com.au/sold/property-apartment-nsw-liverpool-151470836,32/17-19 Speed Street,Liverpool,2170,Apartment,2.0,1,1.0,,79.0,,385000,2026-08-10,Private treaty,,,2026-09-12,,,,,,0.5,173,427947.0278136845,42947.027813684486,11.155072159398568
https://www.realestate.com.au/sold/property-unit-nsw-liverpool-151860000,5/66 Speed Street,Liverpool,2170,Unit,2.0,1,1.0,,,,350000,2026-08-10,Unknown,,,2026-09-12,,,,,,0.5,173,489058.42078256054,139058.42078256054,39.73097736644587
https://www.realestate.com.au/sold/property-unit-nsw-liverpool-151603028,Unit 5/33-35 Bathurst Street,Liverpool,2170,Unit,3.0,2,1.0,,,,730000,2026-08-07,Private treaty,,,2026-09-12,,,,,,0.6666666666666666,170,830788.4388796908,100788.43887969083,13.806635462971348
https://www.realestate.com.au/sold/property-apartment-nsw-liverpool-151478152,G02/15 Bigge Street,Liverpool,2170,Apartment,2.0,2,1.0,,,,560000,2026-08-06,Private treaty,,,2026-09-12,,,,,,1.0,169,576454.5794311581,16454.57943115814,2.9383177555639537
https://www.realestate.com.au/sold/property-apartment-nsw-liverpool-150504584,3/62 Castlereagh Street,Liverpool,2170,Apartment,2.0,1,1.0,,,,505000,2026-08-06,Unknown,,,2026-09-12,,,,,,0.5,169,437197.48985651537,67802.51014348463,13.426239632373193
https://www.realestate.com.au/sold/property-unit-nsw-liverpool-151887428,4/26 Speed Street,Liverpool,2170,Unit,2.0,1,1.0,,68.0,,410000,2026-08-06,Unknown,,,2026-09-12,,,,,,0.5,169,370157.053529071,39842.94647092902,9.71779182217781
https://www.realestate.com.au/sold/property-apartment-nsw-liverpool-151000164,15/52 Speed Street,Liverpool,2170,Apartment,2.0,1,1.0,,74.0,,380000,2026-08-06,Private treaty,,,2026-09-12,,,,,,0.5,169,417872.02684712794,37872.02684712794,9.966322854507354
https://www.realestate.com.au/sold/property-house-nsw-liverpool-151515988,45 Birkdale Crescent,Liverpool,2170,House,3.0,1,1.0,557.4,,,960000,2026-08-03,Unknown,,,2026-09-12,,,,,,0.3333333333333333,166,1042522.7502413949,82522.75024139485,8.596119816811964
https://www.realestate.com.au/sold/property-apartment-nsw-liverpool-151180392,12/119-121 Castlereagh Street,Liverpool,2170,Apartment,2.0,1,1.0,,93.0,,460000,2026-07-31,Private treaty,,,2026-09-12,,,,,,0.5,163,432238.2794013184,27761.720598681597,6.035156651887304
https://www.realestate.com.au/sold/property-unit-nsw-liverpool-150894224,15/13 Speed Street,Liverpool,2170,Unit,2.0,1,1.0,,,,415000,2026-07-31,Private treaty,,,2026-09-12,,,,,,0.5,163,447707.2926673349,32707.2926673349,7.881275341526482
https://www.realestate.com.au/sold/property-apartment-nsw-liverpool-151703048,11/26 Goulburn Street,Liverpool,2170,Apartment,1.0,1,1.0,,,,340000,2026-07-31,Unknown,,,2026-09-12,,,,,,1.0,163,416456.899412713,76456.89941271301,22.487323356680296
https://www.realestate.com.au/sold/property-apartment-nsw-liverpool-151171564,20/22 Speed Street,Liverpool,2170,Apartment,1.0,1,1.0,,65.0,,300000,2026-07-31,Private treaty,,,2026-09-12,,,,,,1.0,163,422103.2934578936,122103.2934578936,40.701097819297864
https://www.realestate.com.au/sold/property-apartment-nsw-liverpool-151822288,31/32 Castlereagh Street,Liverpool,2170,Apartment,1.0,1,1.0,,,,425000,2026-07-29,Private treaty,,,2026-09-12,,,,,,1.0,161,376909.22680834134,48090.77319165866,11.315476045096156
https://www.realestate.com.au/sold/property-apartment-nsw-liverpool-151238316,26/42 Copeland Street,Liverpool,2170,Apartment,2.0,1,1.0,,,,375000,2026-07-29,Private treaty,,,2026-09-12,,,,,,0.5,161,440025.83951406373,65025.83951406373,17.340223870416995
https://www.realestate.com.au/sold/property-house-nsw-liverpool-151712048,9 Anastasio Road,Liverpool,2170,House,3.0,1,2.0,450.0,,,976000,2026-07-25,Auction,,,2026-09-12,,,,,,0.3333333333333333,157,889794.5186418304,86205.48135816958,8.832528827681308
https://www.realestate.com.au/sold/property-unit-nsw-liverpool-150604984,12/8-10 Lachlan Street,Liverpool,2170,Unit,2.0,2,1.0,,114.0,,560000,2026-07-24,Private treaty,,,2026-09-12,,,,,,1.0,156,560440.4972800795,440.49728007952217,0.07866022858562896
https://www.realestate.com.au/sold/property-unit-nsw-liverpool-151168028,504/21 Atkinson Street,Liverpool,2170,Unit,2.0,2,1.0,,,,550000,2026-07-24,Private treaty,,,2026-09-12,,,,,,1.0,156,566948.5887277882,16948.588727788185,3.081561586870579
https://www.realestate.com.au/sold/property-apartment-nsw-liverpool-134720182,48/93-95 Campbell Street,Liverpool,2170,Apartment,2.0,2,1.0,,,,515000,2026-07-22,Unknown,,,2026-09-12,,,,,,1.0,154,536675.9443519276,21675.94435192761,4.208921233384002
https://www.realestate.com.au/sold/property-unit-nsw-liverpool-151320836,57/10-16 Castlereagh Street,Liverpool,2170,Unit,3.0,2,2.0,,,,680000,2026-07-21,Unknown,,,2026-09-12,,,,,,0.6666666666666666,153,813766.2080876423,133766.20808764233,19.671501189359166
https://www.realestate.com.au/sold/property-unit-nsw-liverpool-150812360,7/74-76 Castlereagh Street,Liverpool,2170,Unit,2.0,2,2.0,,,,550000,2026-07-21,Unknown,,,2026-09-12,,,,,,1.0,153,585055.337200035,35055.33720003499,6.373697672733634
https://www.realestate.com.au/sold/property-unit-nsw-liverpool-151643700,13/58 Copeland Street,Liverpool,2170,Unit,2.0,1,1.0,,,,407000,2026-07-21,Unknown,,,2026-09-12,,,,,,0.5,153,489058.42078256054,82058.42078256054,20.161774148049272
https://www.realestate.com.au/sold/property-unit-nsw-liverpool-151266728,28/42-44 Copeland Street,Liverpool,2170,Unit,2.0,1,1.0,,,,380000,2026-07-21,Unknown,,,2026-09-12,,,,,,0.5,153,489058.42078256054,109058.42078256054,28.699584416463303
https://www.realestate.com.au/sold/property-unit-nsw-liverpool-151490256,24/81 Memorial Avenue,Liverpool,2170,Unit,1.0,1,1.0,,,,360000,2026-07-21,Unknown,,,2026-09-12,,,,,,1.0,153,370475.1685076169,10475.168507616909,2.9097690298935857
https://www.realestate.com.au/sold/property-unit-nsw-liverpool-151703032,19/2 Beale Street,Liverpool,2170,Unit,1.0,1,1.0,,,,350000,2026-07-20,Unknown,,,2026-09-12,,,,,,1.0,152,367482.88300366775,17482.883003667754,4.995109429619358
https://www.realestate.com.au/sold/property-apartment-nsw-liverpool-150387988,41/7-9 Atkinson Street,Liverpool,2170,Apartment,2.0,1,1.0,,,,460000,2026-07-18,Unknown,,,2026-09-12,,,,,,0.5,150,446886.4929710456,13113.507028954395,2.8507623975987815
https://www.realestate.com.au/sold/property-unit-nsw-liverpool-151576456,12/32 Nagle Street,Liverpool,2170,Unit,2.0,1,1.0,,,,415000,2026-07-17,Unknown,,,2026-09-12,,,,,,0.5,149,489058.42078256054,74058.42078256054,17.84540259820736
https://www.realestate.com.au/sold/property-townhouse-nsw-liverpool-151517440,5/2 Calabro Avenue,Liverpool,2170,Townhouse,2.0,1,1.0,,,,757000,2026-07-16,Private treaty,,,2026-09-12,,,,,,0.5,148,624148.5906578584,132851.4093421416,17.549723823268373
https://www.realestate.com.au/sold/property-apartment-nsw-liverpool-151720856,4/12 George Street,Liverpool,2170,Apartment,2.0,2,1.0,,,,590000,2026-07-16,Unknown,,,2026-09-12,,,,,,1.0,148,536675.9443519276,53324.05564807239,9.037975533571592
https://www.realestate.com.au/sold/property-house-nsw-liverpool-150792248,19 Pearce Street,Liverpool,2170,House,4.0,1,3.0,652.0,,,1270000,2026-07-14,Unknown,,,2026-09-12,,,,,,0.25,146,1188153.3237383524,81846.6762616476,6.444620178082489
https://www.realestate.com.au/sold/property-unit-nsw-liverpool-151350072,"Unit 203, 311 Hume Highway",Liverpool,2170,Unit,2.0,2,1.0,,,,600000,2026-07-14,Unknown,,,2026-09-12,,,,,,1.0,146,590191.6980379977,9808.301962002297,1.6347169936670496
https://www.realestate.com.au/sold/property-unit-nsw-liverpool-151645348,3006/420 Macquarie Street,Liverpool,2170,Unit,2.0,2,1.0,,,,615000,2026-07-13,Unknown,,,2026-09-12,,,,,,1.0,145,580750.264096562,34249.73590343795,5.569062748526496
https://www.realestate.com.au/sold/property-apartment-nsw-liverpool-150843652,55/26 George Street,Liverpool,2170,Apartment,2.0,1,1.0,,104.0,,545000,2026-07-10,Private treaty,,,2026-09-12,,,,,,0.5,142,437002.12376525684,107997.87623474316,19.816124079769388
https://www.realestate.com.au/sold/property-unit-nsw-liverpool-151269204,10/4-6 Castlereagh Street,Liverpool,2170,Unit,2.0,2,1.0,,,,525000,2026-07-09,Private treaty,,,2026-09-12,,,,,,1.0,141,581896.7020929946,56896.70209299459,10.837467065332303
https://www.realestate.com.au/sold/property-apartment-nsw-liverpool-151550716,14/17-19 Speed Street,Liverpool,2170,Apartment,2.0,1,1.0,,80.1,,393000,2026-07-09,Unknown,,,2026-09-12,,,,,,0.5,141,459870.4624217962,66870.46242179623,17.01538484015171
https://www.realestate.com.au/sold/property-house-nsw-liverpool-151152668,30 Danalam Street,Liverpool,2170,House,4.0,1,1.0,727.0,,,1083000,2026-07-08,Unknown,,,2026-09-12,,,,,,0.25,140,1152065.6628123624,69065.66281236243,6.377254183966984
https://www.realestate.com.au/sold/property-unit-nsw-liverpool-151505652,10/84 Campbell Street,Liverpool,2170,Unit,2.0,1,1.0,,,,538000,2026-07-08,Unknown,,,2026-09-12,,,,,,0.5,140,387813.2156015685,150186.78439843148,27.915759181864587
https://www.realestate.com.au/sold/property-unit-nsw-liverpool-150812008,20/132 Moore Street,Liverpool,2170,Unit,2.0,1,2.0,,,,510000,2026-07-02,Unknown,,,2026-09-12,,,,,,0.5,134,495481.8546381977,14518.145361802308,2.846695168980845
https://www.realestate.com.au/sold/property-apartment-nsw-liverpool-151358920,411/32 Shepherd Street,Liverpool,2170,Apartment,2.0,1,1.0,,79.0,,485000,2026-06-30,Unknown,,,2026-09-12,,,,,,0.5,132,395946.3716259002,89053.62837409979,18.361572860639132
https://www.realestate.com.au/sold/property-unit-nsw-liverpool-150510604,69/24 Lachlan Street,Liverpool,2170,Unit,2.0,2,1.0,,126.0,,555000,2026-06-24,Unknown,,,2026-09-12,,,,,,1.0,126,594821.7771706558,39821.77717065578,7.175094985703745
https://www.realestate.com.au/sold/property-apartment-nsw-liverpool-151232124,2/15-17 Castlereagh Street,Liverpool,2170,Apartment,2.0,2,1.0,,,,530000,2026-06-24,Unknown,,,2026-09-12,,,,,,1.0,126,546050.7130242485,16050.713024248485,3.0284364196695255
https://www.realestate.com.au/sold/property-townhouse-nsw-liverpool-151379288,14/2 Calabro Avenue,Liverpool,2170,Townhouse,2.0,1,1.0,,,,779000,2026-06-22,Unknown,,,2026-09-12,,,,,,0.5,124,634608.3085249001,144391.69147509988,18.535518802965324
https://www.domain.com.au/6-139-153-middle-head-road-mosman-nsw-2088-2021035788,6/139-153 Middle Head Road,Mosman,2088,Apartment,3.0,2,2.0,,,,2558000,2026-08-13,Private treaty,,,2026-09-12,,,,,,0.6666666666666666,176,2729179.3661516295,171179.36615162948,6.69192205440303
https://www.domain.com.au/6-40-raglan-street-mosman-nsw-2088-2020977668,6/40 Raglan Street,Mosman,2088,Apartment,2.0,1,1.0,,103.0,,1600000,2026-07-27,Private treaty,,,2026-09-12,,,,,,0.5,159,1060679.384141287,539320.6158587129,33.70753849116956
https://www.domain.com.au/10-16-avenue-road-mosman-nsw-2088-2020659268,10/16 Avenue Road,Mosman,2088,Apartment,2.0,1,,,80.0,,892000,2026-07-20,Private treaty,,,2026-09-12,,,,,,0.5,152,1427407.950553594,535407.9505535939,60.02331284233116
https://www.domain.com.au/1-128-130-avenue-road-mosman-nsw-2088-2020877773,1/128-130 Avenue Road,Mosman,2088,Apartment,2.0,1,1.0,,,,1415000,2026-07-14,Auction,,,2026-09-12,,,,,,0.5,146,1161134.9793423049,253865.02065769513,17.94099085920107
https://www.domain.com.au/1404-1-3-valentine-avenue-parramatta-nsw-2150-2021149469,1404/1-3 Valentine Avenue,Parramatta,2150,Apartment,1.0,1,,,,,320000,2026-09-11,Private treaty,,,2026-09-12,,,,,,1.0,205,427703.0065559974,107703.00655599742,33.657189548749194
https://www.domain.com.au/108-125-129-arthur-street-parramatta-nsw-2150-2021092190,108/125-129 Arthur Street,Parramatta,2150,Apartment,2.0,1,1.0,,,,653000,2026-08-21,Private treaty,,,2026-09-12,,,,,,0.5,184,597327.5009978211,55672.4990021789,8.52565068946078
https://www.domain.com.au/138-railway-st-parramatta-nsw-2150-2021075447,138 Railway St,Parramatta,2150,Townhouse,2.0,1,1.0,,,,685000,2026-08-14,Private treaty,,,2026-09-12,,,,,,0.5,177,633379.3548116816,51620.64518831845,7.53586061143335
https://www.domain.com.au/6-16-18-mainsbridge-avenue-liverpool-nsw-2170-2021087249,6/16-18 Mainsbridge Avenue,Liverpool,2170,Townhouse,2.0,2,1.0,,,,720000,2026-08-29,Private treaty,,,2026-09-12,,,,,,1.0,192,694217.9827324027,25782.017267597257,3.5808357316107298
https://www.domain.com.au/35-12-20-lachlan-street-liverpool-nsw-2170-2021064575,35/12-20 Lachlan Street,Liverpool,2170,Apartment,3.0,2,2.0,,157.0,,730000,2026-08-28,Private treaty,,,2026-09-12,,,,,,0.6666666666666666,191,881549.1126596838,151549.1126596838,20.760152419134766
https://www.domain.com.au/1-34-goulburn-street-liverpool-nsw-2170-2020889734,1/34 Goulburn Street,Liverpool,2170,Apartment,2.0,1,1.0,,,,390000,2026-08-20,Private treaty,,,2026-09-12,,,,,,0.5,183,420715.5126141395,30715.512614139472,7.875772465163967
https://www.domain.com.au/1-13-15-flowerdale-road-liverpool-nsw-2170-2021057642,1/13-15 Flowerdale Road,Liverpool,2170,Townhouse,3.0,2,1.0,,,,990000,2026-08-06,Private treaty,,,2026-09-12,,,,,,0.6666666666666666,169,810744.8248914757,179255.17510852427,18.106583344295384
https://www.domain.com.au/2-16-18-mainsbridge-avenue-liverpool-nsw-2170-2020970669,2/16-18 Mainsbridge Avenue,Liverpool,2170,Townhouse,2.0,2,1.0,,,,725000,2026-08-06,Private treaty,,,2026-09-12,,,,,,1.0,169,663466.6249845303,61533.37501546973,8.487362071099273
https://www.domain.com.au/4-81-memorial-avenue-liverpool-nsw-2170-2021080163,4/81 Memorial Avenue,Liverpool,2170,Apartment,2.0,1,1.0,,,,435000,2026-07-29,Private treaty,,,2026-09-12,,,,,,0.5,161,420715.5126141395,14284.487385860528,3.2837902036460984
https://www.domain.com.au/6-8-collimore-avenue-liverpool-nsw-2170-2020945066,6/8 Collimore Avenue,Liverpool,2170,Apartment,2.0,1,1.0,,82.0,,390000,2026-07-24,Private treaty,,,2026-09-12,,,,,,0.5,156,398677.62877658574,8677.628776585741,2.2250330196373698
https://www.domain.com.au/401-30-castlereagh-street-liverpool-nsw-2170-2020730003,401/30 Castlereagh Street,Liverpool,2170,Apartment,2.0,2,1.0,,,,615000,2026-07-21,Private treaty,,,2026-09-12,,,,,,1.0,153,572985.6720004453,42014.32799955469,6.831598048708081
https://www.domain.com.au/5-64-copeland-street-liverpool-nsw-2170-2021075036,5/64 Copeland Street,Liverpool,2170,Apartment,2.0,1,1.0,,,,390000,2026-07-21,Private treaty,,,2026-09-12,,,,,,0.5,153,440025.83951406373,50025.83951406373,12.827138336939417
https://www.domain.com.au/22-33-39-lachlan-street-liverpool-nsw-2170-2020611728,22/33-39 Lachlan Street,Liverpool,2170,Apartment,2.0,1,1.0,,,,500000,2026-07-14,Private treaty,,,2026-09-12,,,,,,0.5,146,420715.5126141395,79284.48738586053,15.856897477172105
https://www.domain.com.au/20-apex-street-liverpool-nsw-2170-2020935632,20 Apex Street,Liverpool,2170,House,3.0,1,1.0,853.0,,,1300000,2026-07-13,Private treaty,,,2026-09-12,,,,,,0.3333333333333333,145,995132.3012823401,304867.6987176599,23.451361439819994
